,inception_score_mean,inception_score_std,frechet_inception_distance,kernel_inception_distance_mean,kernel_inception_distance_std
0,0.9999999999999998,2.507236594037335e-16,299.46533084305304,0.37863645968967014,1.5526354185575456e-07
1,0.9999999999999998,2.507236594037335e-16,299.46533084305304,0.37863645968967014,1.5526354185575456e-07
2,0.9999999999999998,2.507236594037335e-16,299.46533084305304,0.37863645968967014,1.5526354185575456e-07
3,0.9999999999999998,2.507236594037335e-16,299.46533084305304,0.37863645968967014,1.5526354185575456e-07
4,0.9999999999999998,2.507236594037335e-16,299.46533084305304,0.37863645968967014,1.5526354185575456e-07
