,inception_score_mean,inception_score_std,frechet_inception_distance,kernel_inception_distance_mean,kernel_inception_distance_std
0,0.9999999999999998,2.507236594037335e-16,300.570652061539,0.40970589972602006,1.9239286186368995e-07
1,0.9999999999999998,2.507236594037335e-16,300.570652061539,0.40970589972602006,1.9239286186368995e-07
2,0.9999999999999998,2.507236594037335e-16,300.570652061539,0.40970589972602006,1.9239286186368995e-07
3,0.9999999999999998,2.507236594037335e-16,300.570652061539,0.40970589972602006,1.9239286186368995e-07
4,0.9999999999999998,2.507236594037335e-16,300.570652061539,0.40970589972602006,1.9239286186368995e-07
