,inception_score_mean,inception_score_std,frechet_inception_distance,kernel_inception_distance_mean,kernel_inception_distance_std
0,1.1551972472817986,0.08216645786269905,377.16739783638104,0.42033796081542973,0.009668245091174638
1,1.1551972472817986,0.08216645786269905,377.16739783638104,0.42033796081542973,0.009668245091174638
2,1.1551972472817986,0.08216645786269905,377.16739783638104,0.42033796081542973,0.009668245091174638
3,1.1551972472817986,0.08216645786269905,377.16739783638104,0.42033796081542973,0.009668245091174638
4,1.1551972472817986,0.08216645786269905,377.16739783638104,0.42033796081542973,0.009668245091174638
